Sequence_ID,Aligned_Sequence_Position,Original_Sequence_Position,Residue,SASA
7KP3,282,281,W,5.629633504267994
7KP3,294,293,Y,16.344223744895196
7KP3,417,416,F,35.02121826515757
7KP3,568,562,Y,37.6730240576821
7KP3,526,520,Y,38.045742610104
7KP3,590,584,Y,42.91204449777336
7KP3,462,456,Y,44.27797128444236
7KP3,480,474,W,53.430951215193765
7KP3,386,385,F,61.58903901803573
7KP3,424,423,F,77.01586744260025
7KP3,494,488,F,80.22685159472253
7KP3,507,501,Y,81.40208370731862
7KP3,470,464,F,85.74160333883405
7KP3,704,697,F,89.36872285385085
7KP3,547,541,Y,92.61793390538202
7KP3,438,437,F,118.44878728721048
7KP3,622,616,H,122.5967451650806
7KP3,466,460,Y,122.95243628532003
7KP3,469,463,W,132.83739473798727
7WJW,304,97,F,0.0
7WJW,282,75,F,2.279087240102637
7WJW,518,309,H,12.485631683161916
7WJW,417,208,Y,27.875829137385576
7WJW,419,210,H,29.967702588075497
7WJW,525,316,F,32.06128506516896
7WJW,526,317,F,32.60596183307774
7WJW,437,228,Y,44.782624161944405
7WJW,492,283,F,45.77583239619152
7WJW,571,359,Y,56.84101181058871
7WJW,475,266,Y,67.43732737099357
7WJW,386,177,Y,77.21662777953526
7WJW,349,142,H,83.09740020053123
7WJW,500,291,W,99.6629428646865
7WJW,494,285,W,118.89476778031406
7WJW,469,260,Y,127.55910438972612
7WJW,578,366,H,150.58586013355463
7WJW,589,377,W,156.81884279012985
7WJW,700,488,Y,170.85329221788214
7WJW,618,406,H,172.745222145727
